year,country,avg_temp
1992,Afghanistan,14.35
1992,Albania,16.06
1992,Algeria,16.27
1992,Angola,23.96
1992,Argentina,17.3
1992,Armenia,7.44
1992,Australia,16.34
1992,Austria,9.49
1992,Azerbaijan,10.93
1992,Bahamas,25.1
1992,Bahrain,25.09
1992,Bangladesh,25.86
1992,Belarus,6.74
1992,Belgium,10.81
1992,Bolivia,9.47
1992,Bosnia And Herzegovina,10.1
1992,Botswana,20.59
1992,Brazil,21.35
1992,Bulgaria,9.07
1992,Burkina Faso,28.06
1992,Burundi,21.31
1992,Cameroon,24.6
1992,Canada,6.02
1992,Central African Republic,24.81
1992,Chile,9.45
1992,China,14.04
1992,Colombia,25.02
1992,Congo,23.89
1992,Congo (Democratic Republic Of The),22.74
1992,Croatia,10.78
1992,Czech Republic,9.72
1992,Côte D'Ivoire,26.1
1992,Denmark,9.47
1992,Dominican Republic,26.42
1992,Ecuador,21.94
1992,Egypt,20.6
1992,El Salvador,26.22
1992,Equatorial Guinea,25.5
1992,Eritrea,23.66
1992,Estonia,6.51
1992,Finland,5.8
1992,France,11.15
1992,Gabon,25.95
1992,Georgia,7.44
1992,Germany,9.84
1992,Ghana,26.47
1992,Greece,17.13
1992,Guatemala,19.89
1992,Guinea,27.02
1992,Guinea Bissau,27.54
1992,Guyana,27.13
1992,Haiti,26.81
1992,Honduras,24.77
1992,Hong Kong,21.31
1992,Hungary,11.01
1992,India,25.71
1992,Indonesia,26.98
1992,Iran,12.4
1992,Iraq,19.64
1992,Ireland,9.07
1992,Italy,10.32
1992,Jamaica,27.25
1992,Japan,15.24
1992,Kazakhstan,4.49
1992,Kenya,16.34
1992,Laos,24.3
1992,Latvia,6.89
1992,Lebanon,18.18
1992,Lesotho,15.16
1992,Liberia,25.99
1992,Libya,19.35
1992,Lithuania,7.04
1992,Macedonia,10.28
1992,Madagascar,19.76
1992,Malawi,20.89
1992,Malaysia,27.05
1992,Mali,27.2
1992,Mauritania,27.52
1992,Mauritius,23.81
1992,Mexico,20.48
1992,Moldova,9.57
1992,Mongolia,-1.86
1992,Montenegro,10.94
1992,Morocco,17.47
1992,Mozambique,22.6
1992,Namibia,20.36
1992,Nepal,14.95
1992,Netherlands,10.39
1992,New Zealand,12.14
1992,Nicaragua,27.16
1992,Niger,28.99
1992,Nigeria,26.49
1992,Norway,3.83
1992,Pakistan,24.31
1992,Papua New Guinea,25.3
1992,Peru,17.96
1992,Philippines,26.72
1992,Poland,8.65
1992,Portugal,15.95
1992,Qatar,26.22
1992,Romania,11.55
1992,Russia,2.6
1992,Rwanda,19.54
1992,Saudi Arabia,24.56
1992,Senegal,25.09
1992,Serbia,10.7
1992,Sierra Leone,27.02
1992,Singapore,27.0
1992,Slovakia,11.32
1992,Slovenia,10.78
1992,Somalia,27.73
1992,South Africa,18.22
1992,South Korea,11.48
1992,Spain,16.35
1992,Sri Lanka,26.26
1992,Sudan,27.3
1992,Suriname,27.04
1992,Sweden,7.94
1992,Switzerland,7.98
1992,Syria,17.73
1992,Taiwan,22.39
1992,Tajikistan,7.9
1992,Tanzania,26.14
1992,Thailand,27.55
1992,Tunisia,18.54
1992,Turkey,13.01
1992,Uganda,23.46
1992,Ukraine,8.07
1992,United Arab Emirates,26.1
1992,United Kingdom,9.54
1992,United States,15.41
1992,Uruguay,16.7
1992,Uzbekistan,10.97
1992,Venezuela,26.19
1992,Vietnam,24.56
1992,Zambia,21.85
1992,Zimbabwe,21.93
1993,Afghanistan,14.96
1993,Albania,16.05
1993,Algeria,17.0
1993,Angola,24.15
1993,Argentina,17.42
1993,Armenia,7.69
1993,Australia,17.07
1993,Austria,8.48
1993,Azerbaijan,10.53
1993,Bahamas,25.26
1993,Bahrain,26.09
1993,Bangladesh,25.73
1993,Belarus,5.61
1993,Belgium,10.29
1993,Bolivia,9.36
1993,Bosnia And Herzegovina,9.59
1993,Botswana,19.97
1993,Brazil,21.94
1993,Bulgaria,9.0
1993,Burkina Faso,28.58
1993,Burundi,21.17
1993,Cameroon,24.9
1993,Canada,6.18
1993,Central African Republic,25.14
1993,Chile,9.71
1993,China,14.04
1993,Colombia,24.86
1993,Congo,24.31
1993,Congo (Democratic Republic Of The),22.63
1993,Croatia,10.19
1993,Czech Republic,8.76
1993,Côte D'Ivoire,26.22
1993,Denmark,8.16
1993,Dominican Republic,26.4
1993,Ecuador,21.86
1993,Egypt,21.26
1993,El Salvador,26.12
1993,Equatorial Guinea,25.77
1993,Eritrea,24.09
1993,Estonia,5.26
1993,Finland,4.74
1993,France,10.7
1993,Gabon,26.27
1993,Georgia,7.69
1993,Germany,8.57
1993,Ghana,26.67
1993,Greece,17.53
1993,Guatemala,19.85
1993,Guinea,27.25
1993,Guinea Bissau,27.77
1993,Guyana,26.95
1993,Haiti,26.78
1993,Honduras,24.58
1993,Hong Kong,21.43
1993,Hungary,10.22
1993,India,25.92
1993,Indonesia,26.97
1993,Iran,12.67
1993,Iraq,20.8
1993,Ireland,8.85
1993,Italy,10.07
1993,Jamaica,27.02
1993,Japan,14.7
1993,Kazakhstan,3.57
1993,Kenya,16.36
1993,Laos,24.34
1993,Latvia,5.58
1993,Lebanon,19.14
1993,Lesotho,14.95
1993,Liberia,26.18
1993,Libya,19.82
1993,Lithuania,5.79
1993,Macedonia,10.16
1993,Madagascar,19.95
1993,Malawi,20.43
1993,Malaysia,26.99
1993,Mali,27.55
1993,Mauritania,27.37
1993,Mauritius,23.91
1993,Mexico,20.38
1993,Moldova,8.68
1993,Mongolia,-2.52
1993,Montenegro,10.8
1993,Morocco,17.02
1993,Mozambique,22.04
1993,Namibia,20.43
1993,Nepal,15.16
1993,Netherlands,9.47
1993,New Zealand,12.35
1993,Nicaragua,27.05
1993,Niger,29.64
1993,Nigeria,26.7
1993,Norway,2.72
1993,Pakistan,25.04
1993,Papua New Guinea,25.02
1993,Peru,17.56
1993,Philippines,26.83
1993,Poland,7.67
1993,Portugal,15.33
1993,Qatar,27.1
1993,Romania,10.78
1993,Russia,1.91
1993,Rwanda,19.53
1993,Saudi Arabia,25.66
1993,Senegal,24.99
1993,Serbia,10.3
1993,Sierra Leone,27.25
1993,Singapore,26.93
1993,Slovakia,10.28
1993,Slovenia,10.19
1993,Somalia,27.21
1993,South Africa,17.66
1993,South Korea,11.02
1993,Spain,16.28
1993,Sri Lanka,26.37
1993,Sudan,27.77
1993,Suriname,26.83
1993,Sweden,6.98
1993,Switzerland,7.48
1993,Syria,18.72
1993,Taiwan,22.77
1993,Tajikistan,7.29
1993,Tanzania,26.01
1993,Thailand,27.58
1993,Tunisia,18.9
1993,Turkey,13.32
1993,Uganda,23.62
1993,Ukraine,6.89
1993,United Arab Emirates,27.02
1993,United Kingdom,9.14
1993,United States,14.94
1993,Uruguay,16.81
1993,Uzbekistan,10.11
1993,Venezuela,26.19
1993,Vietnam,24.62
1993,Zambia,21.0
1993,Zimbabwe,20.88
1994,Afghanistan,14.94
1994,Albania,16.96
1994,Algeria,17.88
1994,Angola,24.04
1994,Argentina,18.24
1994,Armenia,8.84
1994,Australia,16.9
1994,Austria,9.89
1994,Azerbaijan,11.32
1994,Bahamas,25.73
1994,Bahrain,26.66
1994,Bangladesh,25.91
1994,Belarus,6.26
1994,Belgium,11.32
1994,Bolivia,9.59
1994,Bosnia And Herzegovina,10.74
1994,Botswana,19.26
1994,Brazil,21.91
1994,Bulgaria,10.23
1994,Burkina Faso,28.0
1994,Burundi,21.25
1994,Cameroon,24.93
1994,Canada,6.24
1994,Central African Republic,25.39
1994,Chile,10.06
1994,China,14.82
1994,Colombia,24.75
1994,Congo,24.27
1994,Congo (Democratic Republic Of The),22.72
1994,Croatia,11.33
1994,Czech Republic,9.97
1994,Côte D'Ivoire,26.22
1994,Denmark,9.15
1994,Dominican Republic,26.71
1994,Ecuador,21.46
1994,Egypt,21.56
1994,El Salvador,26.33
1994,Equatorial Guinea,25.79
1994,Eritrea,24.13
1994,Estonia,5.35
1994,Finland,4.66
1994,France,11.96
1994,Gabon,26.33
1994,Georgia,8.84
1994,Germany,9.73
1994,Ghana,26.62
1994,Greece,18.47
1994,Guatemala,20.08
1994,Guinea,27.03
1994,Guinea Bissau,27.48
1994,Guyana,27.12
1994,Haiti,27.28
1994,Honduras,24.87
1994,Hong Kong,21.91
1994,Hungary,11.58
1994,India,25.81
1994,Indonesia,27.04
1994,Iran,13.4
1994,Iraq,21.74
1994,Ireland,9.13
1994,Italy,10.96
1994,Jamaica,27.48
1994,Japan,16.06
1994,Kazakhstan,4.58
1994,Kenya,16.58
1994,Laos,24.5
1994,Latvia,5.87
1994,Lebanon,19.93
1994,Lesotho,14.22
1994,Liberia,26.0
1994,Libya,20.2
1994,Lithuania,6.3
1994,Macedonia,11.34
1994,Madagascar,19.96
1994,Malawi,20.59
1994,Malaysia,27.0
1994,Mali,27.05
1994,Mauritania,27.24
1994,Mauritius,24.17
1994,Mexico,20.62
1994,Moldova,10.39
1994,Mongolia,-1.69
1994,Montenegro,11.78
1994,Morocco,17.93
1994,Mozambique,21.35
1994,Namibia,20.14
1994,Nepal,15.3
1994,Netherlands,10.45
1994,New Zealand,12.89
1994,Nicaragua,27.26
1994,Niger,29.05
1994,Nigeria,26.6
1994,Norway,2.74
1994,Pakistan,24.78
1994,Papua New Guinea,25.07
1994,Peru,17.31
1994,Philippines,26.86
1994,Poland,8.78
1994,Portugal,16.12
1994,Qatar,27.59
1994,Romania,12.7
1994,Russia,2.44
1994,Rwanda,19.55
1994,Saudi Arabia,26.17
1994,Senegal,24.94
1994,Serbia,11.52
1994,Sierra Leone,27.03
1994,Singapore,27.09
1994,Slovakia,11.74
1994,Slovenia,11.33
1994,Somalia,27.43
1994,South Africa,16.79
1994,South Korea,12.32
1994,Spain,17.51
1994,Sri Lanka,26.34
1994,Sudan,27.44
1994,Suriname,26.82
1994,Sweden,7.23
1994,Switzerland,8.78
1994,Syria,19.34
1994,Taiwan,23.12
1994,Tajikistan,8.01
1994,Tanzania,26.35
1994,Thailand,27.76
1994,Tunisia,19.93
1994,Turkey,14.88
1994,Uganda,23.6
1994,Ukraine,7.98
1994,United Arab Emirates,27.25
1994,United Kingdom,9.86
1994,United States,14.78
1994,Uruguay,17.17
1994,Uzbekistan,10.95
1994,Venezuela,26.25
1994,Vietnam,24.79
1994,Zambia,21.2
1994,Zimbabwe,20.64
1995,Afghanistan,15.04
1995,Albania,15.67
1995,Algeria,17.36
1995,Angola,24.56
1995,Argentina,17.68
1995,Armenia,9.76
1995,Australia,16.55
1995,Austria,8.79
1995,Azerbaijan,12.81
1995,Bahamas,25.44
1995,Bahrain,26.18
1995,Bangladesh,26.09
1995,Belarus,6.68
1995,Belgium,11.13
1995,Bolivia,9.52
1995,Bosnia And Herzegovina,9.4
1995,Botswana,19.96
1995,Brazil,22.07
1995,Bulgaria,8.69
1995,Burkina Faso,28.46
1995,Burundi,21.55
1995,Cameroon,25.21
1995,Canada,6.78
1995,Central African Republic,25.5
1995,Chile,9.71
1995,China,14.44
1995,Colombia,24.78
1995,Congo,24.37
1995,Congo (Democratic Republic Of The),22.99
1995,Croatia,10.14
1995,Czech Republic,9.02
1995,Côte D'Ivoire,26.47
1995,Denmark,8.75
1995,Dominican Republic,26.8
1995,Ecuador,21.96
1995,Egypt,21.09
1995,El Salvador,26.05
1995,Equatorial Guinea,26.08
1995,Eritrea,24.37
1995,Estonia,6.23
1995,Finland,5.63
1995,France,11.69
1995,Gabon,26.68
1995,Georgia,9.76
1995,Germany,9.16
1995,Ghana,26.87
1995,Greece,17.82
1995,Guatemala,19.98
1995,Guinea,27.23
1995,Guinea Bissau,27.66
1995,Guyana,27.57
1995,Haiti,27.3
1995,Honduras,24.95
1995,Hong Kong,21.27
1995,Hungary,10.34
1995,India,25.92
1995,Indonesia,27.12
1995,Iran,14.01
1995,Iraq,21.59
1995,Ireland,9.75
1995,Italy,9.95
1995,Jamaica,27.4
1995,Japan,14.9
1995,Kazakhstan,5.43
1995,Kenya,16.52
1995,Laos,24.53
1995,Latvia,6.54
1995,Lebanon,19.35
1995,Lesotho,14.55
1995,Liberia,26.22
1995,Libya,19.75
1995,Lithuania,6.68
1995,Macedonia,9.74
1995,Madagascar,19.96
1995,Malawi,20.86
1995,Malaysia,27.05
1995,Mali,27.25
1995,Mauritania,27.7
1995,Mauritius,24.02
1995,Mexico,20.94
1995,Moldova,9.42
1995,Mongolia,-1.63
1995,Montenegro,10.38
1995,Morocco,18.64
1995,Mozambique,21.89
1995,Namibia,20.76
1995,Nepal,15.3
1995,Netherlands,10.25
1995,New Zealand,13.15
1995,Nicaragua,27.2
1995,Niger,29.56
1995,Nigeria,26.85
1995,Norway,3.08
1995,Pakistan,24.58
1995,Papua New Guinea,25.44
1995,Peru,17.26
1995,Philippines,26.77
1995,Poland,8.16
1995,Portugal,17.23
1995,Qatar,27.16
1995,Romania,11.21
1995,Russia,5.07
1995,Rwanda,19.81
1995,Saudi Arabia,25.98
1995,Senegal,25.33
1995,Serbia,10.07
1995,Sierra Leone,27.23
1995,Singapore,27.07
1995,Slovakia,10.54
1995,Slovenia,10.14
1995,Somalia,27.39
1995,South Africa,17.5
1995,South Korea,11.27
1995,Spain,17.33
1995,Sri Lanka,26.59
1995,Sudan,27.74
1995,Suriname,27.33
1995,Sweden,7.17
1995,Switzerland,7.65
1995,Syria,18.79
1995,Taiwan,22.44
1995,Tajikistan,8.49
1995,Tanzania,26.27
1995,Thailand,27.68
1995,Tunisia,19.22
1995,Turkey,14.14
1995,Uganda,23.72
1995,Ukraine,8.26
1995,United Arab Emirates,26.75
1995,United Kingdom,10.17
1995,United States,15.31
1995,Uruguay,16.66
1995,Uzbekistan,11.54
1995,Venezuela,26.51
1995,Vietnam,24.58
1995,Zambia,21.86
1995,Zimbabwe,21.57
1996,Afghanistan,14.87
1996,Albania,15.64
1996,Algeria,16.76
1996,Angola,24.11
1996,Argentina,17.8
1996,Armenia,9.55
1996,Australia,16.58
1996,Austria,7.4
1996,Azerbaijan,11.96
1996,Bahamas,25.06
1996,Bahrain,26.76
1996,Bangladesh,26.15
1996,Belarus,5.32
1996,Belgium,9.3
1996,Bolivia,8.94
1996,Bosnia And Herzegovina,8.86
1996,Botswana,19.1
1996,Brazil,21.56
1996,Bulgaria,8.44
1996,Burkina Faso,28.74
1996,Burundi,21.18
1996,Cameroon,25.0
1996,Canada,6.34
1996,Central African Republic,25.32
1996,Chile,9.71
1996,China,14.18
1996,Colombia,24.6
1996,Congo,24.09
1996,Congo (Democratic Republic Of The),22.72
1996,Croatia,9.24
1996,Czech Republic,7.28
1996,Côte D'Ivoire,26.27
1996,Denmark,7.31
1996,Dominican Republic,26.3
1996,Ecuador,21.34
1996,Egypt,21.36
1996,El Salvador,25.77
1996,Equatorial Guinea,25.87
1996,Eritrea,24.36
1996,Estonia,4.63
1996,Finland,4.2
1996,France,10.14
1996,Gabon,26.25
1996,Georgia,9.55
1996,Germany,7.42
1996,Ghana,26.61
1996,Greece,17.46
1996,Guatemala,19.48
1996,Guinea,27.33
1996,Guinea Bissau,27.79
1996,Guyana,27.11
1996,Haiti,26.85
1996,Honduras,24.39
1996,Hong Kong,21.51
1996,Hungary,9.44
1996,India,25.77
1996,Indonesia,27.04
1996,Iran,13.34
1996,Iraq,22.04
1996,Ireland,8.85
1996,Italy,9.67
1996,Jamaica,26.98
1996,Japan,14.8
1996,Kazakhstan,3.8
1996,Kenya,16.44
1996,Laos,24.16
1996,Latvia,4.9
1996,Lebanon,19.65
1996,Lesotho,13.93
1996,Liberia,26.33
1996,Libya,19.73
1996,Lithuania,5.09
1996,Macedonia,9.68
1996,Madagascar,19.71
1996,Malawi,20.47
1996,Malaysia,27.04
1996,Mali,27.64
1996,Mauritania,27.93
1996,Mauritius,23.89
1996,Mexico,20.94
1996,Moldova,8.5
1996,Mongolia,-2.65
1996,Montenegro,10.34
1996,Morocco,17.86
1996,Mozambique,21.53
1996,Namibia,19.79
1996,Nepal,15.37
1996,Netherlands,8.32
1996,New Zealand,13.07
1996,Nicaragua,26.76
1996,Niger,29.71
1996,Nigeria,26.77
1996,Norway,1.88
1996,Pakistan,24.43
1996,Papua New Guinea,25.41
1996,Peru,16.45
1996,Philippines,26.84
1996,Poland,6.71
1996,Portugal,16.12
1996,Qatar,27.66
1996,Romania,10.71
1996,Russia,2.21
1996,Rwanda,19.31
1996,Saudi Arabia,26.33
1996,Senegal,25.49
1996,Serbia,9.75
1996,Sierra Leone,27.33
1996,Singapore,27.04
1996,Slovakia,9.35
1996,Slovenia,9.24
1996,Somalia,27.34
1996,South Africa,16.86
1996,South Korea,11.13
1996,Spain,16.72
1996,Sri Lanka,26.38
1996,Sudan,27.78
1996,Suriname,27.09
1996,Sweden,6.15
1996,Switzerland,6.66
1996,Syria,19.23
1996,Taiwan,22.67
1996,Tajikistan,7.55
1996,Tanzania,26.02
1996,Thailand,27.37
1996,Tunisia,18.88
1996,Turkey,13.77
1996,Uganda,23.49
1996,Ukraine,7.0
1996,United Arab Emirates,27.2
1996,United Kingdom,8.87
1996,United States,15.19
1996,Uruguay,17.03
1996,Uzbekistan,10.45
1996,Venezuela,26.28
1996,Vietnam,24.38
1996,Zambia,21.19
1996,Zimbabwe,20.7
1997,Afghanistan,14.77
1997,Albania,15.9
1997,Algeria,17.84
1997,Angola,24.06
1997,Argentina,18.42
1997,Armenia,9.1
1997,Australia,17.0
1997,Austria,8.37
1997,Azerbaijan,11.89
1997,Bahamas,25.81
1997,Bahrain,26.11
1997,Bangladesh,25.55
1997,Belarus,5.98
1997,Belgium,10.88
1997,Bolivia,9.26
1997,Bosnia And Herzegovina,9.43
1997,Botswana,19.26
1997,Brazil,21.91
1997,Bulgaria,8.26
1997,Burkina Faso,28.52
1997,Burundi,21.51
1997,Cameroon,24.98
1997,Canada,6.36
1997,Central African Republic,25.69
1997,Chile,10.23
1997,China,14.51
1997,Colombia,25.22
1997,Congo,24.33
1997,Congo (Democratic Republic Of The),22.85
1997,Croatia,10.18
1997,Czech Republic,8.82
1997,Côte D'Ivoire,26.32
1997,Denmark,8.91
1997,Dominican Republic,27.1
1997,Ecuador,22.88
1997,Egypt,20.98
1997,El Salvador,26.48
1997,Equatorial Guinea,25.83
1997,Eritrea,24.32
1997,Estonia,5.95
1997,Finland,5.36
1997,France,11.59
1997,Gabon,26.37
1997,Georgia,9.1
1997,Germany,9.27
1997,Ghana,26.58
1997,Greece,17.35
1997,Guatemala,20.16
1997,Guinea,27.3
1997,Guinea Bissau,27.68
1997,Guyana,27.25
1997,Haiti,27.74
1997,Honduras,25.03
1997,Hong Kong,21.65
1997,Hungary,9.89
1997,India,25.34
1997,Indonesia,27.32
1997,Iran,13.9
1997,Iraq,20.98
1997,Ireland,9.95
1997,Italy,10.66
1997,Jamaica,27.8
1997,Japan,15.38
1997,Kazakhstan,6.02
1997,Kenya,16.77
1997,Laos,24.67
1997,Latvia,6.17
1997,Lebanon,18.99
1997,Lesotho,14.28
1997,Liberia,26.31
1997,Libya,19.81
1997,Lithuania,6.29
1997,Macedonia,9.58
1997,Madagascar,19.97
1997,Malawi,20.62
1997,Malaysia,27.29
1997,Mali,27.38
1997,Mauritania,28.28
1997,Mauritius,24.1
1997,Mexico,20.67
1997,Moldova,8.55
1997,Mongolia,-1.46
1997,Montenegro,10.59
1997,Morocco,18.48
1997,Mozambique,21.54
1997,Namibia,19.97
1997,Nepal,14.5
1997,Netherlands,10.03
1997,New Zealand,12.77
1997,Nicaragua,27.43
1997,Niger,29.73
1997,Nigeria,26.73
1997,Norway,3.87
1997,Pakistan,23.76
1997,Papua New Guinea,24.86
1997,Peru,18.62
1997,Philippines,26.96
1997,Poland,7.81
1997,Portugal,17.1
1997,Qatar,27.23
1997,Romania,10.46
1997,Russia,3.11
1997,Rwanda,19.78
1997,Saudi Arabia,25.68
1997,Senegal,25.87
1997,Serbia,9.82
1997,Sierra Leone,27.3
1997,Singapore,27.39
1997,Slovakia,10.18
1997,Slovenia,10.18
1997,Somalia,27.41
1997,South Africa,17.01
1997,South Korea,11.7
1997,Spain,17.66
1997,Sri Lanka,26.66
1997,Sudan,27.96
1997,Suriname,27.27
1997,Sweden,7.66
1997,Switzerland,7.96
1997,Syria,18.55
1997,Taiwan,22.86
1997,Tajikistan,8.69
1997,Tanzania,26.19
1997,Thailand,28.01
1997,Tunisia,19.54
1997,Turkey,13.16
1997,Uganda,24.04
1997,Ukraine,7.21
1997,United Arab Emirates,26.87
1997,United Kingdom,10.17
1997,United States,15.16
1997,Uruguay,17.46
1997,Uzbekistan,11.77
1997,Venezuela,26.41
1997,Vietnam,24.86
1997,Zambia,20.9
1997,Zimbabwe,20.63
1998,Afghanistan,15.14
1998,Albania,16.27
1998,Algeria,17.14
1998,Angola,24.96
1998,Argentina,17.38
1998,Armenia,10.28
1998,Australia,17.16
1998,Austria,9.01
1998,Azerbaijan,12.79
1998,Bahamas,25.94
1998,Bahrain,27.54
1998,Bangladesh,26.13
1998,Belarus,6.11
1998,Belgium,10.79
1998,Bolivia,9.83
1998,Bosnia And Herzegovina,9.74
1998,Botswana,20.05
1998,Brazil,22.35
1998,Bulgaria,9.16
1998,Burkina Faso,28.95
1998,Burundi,21.56
1998,Cameroon,25.66
1998,Canada,8.63
1998,Central African Republic,25.96
1998,Chile,9.74
1998,China,15.28
1998,Colombia,25.37
1998,Congo,24.99
1998,Congo (Democratic Republic Of The),23.31
1998,Croatia,10.42
1998,Czech Republic,9.36
1998,Côte D'Ivoire,26.94
1998,Denmark,8.65
1998,Dominican Republic,27.15
1998,Ecuador,22.59
1998,Egypt,21.82
1998,El Salvador,26.48
1998,Equatorial Guinea,26.52
1998,Eritrea,24.78
1998,Estonia,5.5
1998,Finland,4.71
1998,France,11.25
1998,Gabon,27.06
1998,Georgia,10.28
1998,Germany,9.31
1998,Ghana,27.28
1998,Greece,18.15
1998,Guatemala,20.36
1998,Guinea,27.63
1998,Guinea Bissau,28.26
1998,Guyana,27.71
1998,Haiti,27.57
1998,Honduras,25.37
1998,Hong Kong,22.48
1998,Hungary,10.35
1998,India,26.06
1998,Indonesia,27.65
1998,Iran,14.11
1998,Iraq,22.49
1998,Ireland,9.71
1998,Italy,10.36
1998,Jamaica,27.8
1998,Japan,16.42
1998,Kazakhstan,5.1
1998,Kenya,16.53
1998,Laos,25.46
1998,Latvia,5.95
1998,Lebanon,20.19
1998,Lesotho,14.81
1998,Liberia,26.74
1998,Libya,19.99
1998,Lithuania,6.27
1998,Macedonia,10.19
1998,Madagascar,20.11
1998,Malawi,20.92
1998,Malaysia,27.89
1998,Mali,28.08
1998,Mauritania,28.52
1998,Mauritius,24.41
1998,Mexico,20.84
1998,Moldova,9.47
1998,Mongolia,-1.2
1998,Montenegro,10.94
1998,Morocco,18.23
1998,Mozambique,22.22
1998,Namibia,20.83
1998,Nepal,15.49
1998,Netherlands,10.18
1998,New Zealand,13.97
1998,Nicaragua,27.83
1998,Niger,29.97
1998,Nigeria,27.36
1998,Norway,3.06
1998,Pakistan,24.91
1998,Papua New Guinea,26.05
1998,Peru,18.13
1998,Philippines,27.71
1998,Poland,8.17
1998,Portugal,16.4
1998,Qatar,28.48
1998,Romania,11.37
1998,Russia,3.03
1998,Rwanda,19.79
1998,Saudi Arabia,26.6
1998,Senegal,26.03
1998,Serbia,10.43
1998,Sierra Leone,27.63
1998,Singapore,27.78
1998,Slovakia,10.73
1998,Slovenia,10.42
1998,Somalia,27.7
1998,South Africa,17.76
1998,South Korea,12.66
1998,Spain,17.15
1998,Sri Lanka,27.13
1998,Sudan,28.0
1998,Suriname,27.65
1998,Sweden,6.89
1998,Switzerland,7.81
1998,Syria,19.73
1998,Taiwan,23.78
1998,Tajikistan,8.34
1998,Tanzania,26.59
1998,Thailand,28.44
1998,Tunisia,19.19
1998,Turkey,14.48
1998,Uganda,23.97
1998,Ukraine,7.74
1998,United Arab Emirates,28.19
1998,United Kingdom,10.0
1998,United States,15.64
1998,Uruguay,16.77
1998,Uzbekistan,11.32
1998,Venezuela,26.87
1998,Vietnam,25.52
1998,Zambia,21.32
1998,Zimbabwe,21.3
1999,Afghanistan,15.89
1999,Albania,16.57
1999,Algeria,17.97
1999,Angola,24.37
1999,Argentina,17.43
1999,Armenia,10.11
1999,Australia,17.16
1999,Austria,9.17
1999,Azerbaijan,12.74
1999,Bahamas,25.31
1999,Bahrain,27.67
1999,Bangladesh,26.31
1999,Belarus,7.38
1999,Belgium,11.35
1999,Bolivia,8.67
1999,Bosnia And Herzegovina,10.03
1999,Botswana,20.24
1999,Brazil,21.59
1999,Bulgaria,9.67
1999,Burkina Faso,28.45
1999,Burundi,21.01
1999,Cameroon,24.97
1999,Canada,7.72
1999,Central African Republic,25.05
1999,Chile,9.59
1999,China,15.04
1999,Colombia,24.3
1999,Congo,24.34
1999,Congo (Democratic Republic Of The),22.58
1999,Croatia,10.51
1999,Czech Republic,9.64
1999,Côte D'Ivoire,26.4
1999,Denmark,9.37
1999,Dominican Republic,26.64
1999,Ecuador,21.21
1999,Egypt,21.87
1999,El Salvador,25.67
1999,Equatorial Guinea,25.87
1999,Eritrea,24.68
1999,Estonia,6.55
1999,Finland,5.7
1999,France,11.83
1999,Gabon,26.44
1999,Georgia,10.11
1999,Germany,10.02
1999,Ghana,26.74
1999,Greece,18.82
1999,Guatemala,19.44
1999,Guinea,27.12
1999,Guinea Bissau,27.42
1999,Guyana,27.16
1999,Haiti,27.01
1999,Honduras,24.41
1999,Hong Kong,22.15
1999,Hungary,10.64
1999,India,26.16
1999,Indonesia,26.92
1999,Iran,14.01
1999,Iraq,22.64
1999,Ireland,9.75
1999,Italy,10.3
1999,Jamaica,27.12
1999,Japan,15.72
1999,Kazakhstan,5.41
1999,Kenya,16.7
1999,Laos,24.38
1999,Latvia,7.07
1999,Lebanon,20.25
1999,Lesotho,15.34
1999,Liberia,26.19
1999,Libya,20.67
1999,Lithuania,7.31
1999,Macedonia,10.56
1999,Madagascar,19.82
1999,Malawi,20.26
1999,Malaysia,26.95
1999,Mali,27.26
1999,Mauritania,27.23
1999,Mauritius,24.11
1999,Mexico,20.3
1999,Moldova,10.56
1999,Mongolia,-1.59
1999,Montenegro,11.26
1999,Morocco,17.78
1999,Mozambique,22.19
1999,Namibia,20.62
1999,Nepal,15.78
1999,Netherlands,10.74
1999,New Zealand,13.87
1999,Nicaragua,26.82
1999,Niger,29.65
1999,Nigeria,26.85
1999,Norway,3.73
1999,Pakistan,25.5
1999,Papua New Guinea,25.38
1999,Peru,16.65
1999,Philippines,26.93
1999,Poland,8.96
1999,Portugal,16.09
1999,Qatar,28.62
1999,Romania,12.34
1999,Russia,3.12
1999,Rwanda,19.35
1999,Saudi Arabia,26.84
1999,Senegal,24.93
1999,Serbia,10.74
1999,Sierra Leone,27.12
1999,Singapore,27.02
1999,Slovakia,10.77
1999,Slovenia,10.51
1999,Somalia,27.61
1999,South Africa,17.68
1999,South Korea,12.13
1999,Spain,17.14
1999,Sri Lanka,26.32
1999,Sudan,27.78
1999,Suriname,27.07
1999,Sweden,8.02
1999,Switzerland,7.76
1999,Syria,19.73
1999,Taiwan,23.04
1999,Tajikistan,8.74
1999,Tanzania,26.15
1999,Thailand,27.34
1999,Tunisia,19.97
1999,Turkey,15.0
1999,Uganda,23.52
1999,Ukraine,8.97
1999,United Arab Emirates,28.16
1999,United Kingdom,10.3
1999,United States,15.5
1999,Uruguay,16.62
1999,Uzbekistan,11.65
1999,Venezuela,25.86
1999,Vietnam,24.76
1999,Zambia,20.53
1999,Zimbabwe,20.44
2000,Afghanistan,15.82
2000,Albania,16.67
2000,Algeria,17.9
2000,Angola,24.41
2000,Argentina,17.32
2000,Armenia,9.68
2000,Australia,17.32
2000,Austria,10.08
2000,Azerbaijan,12.61
2000,Bahamas,25.16
2000,Bahrain,26.99
2000,Bangladesh,25.91
2000,Belarus,7.52
2000,Belgium,11.37
2000,Bolivia,8.93
2000,Bosnia And Herzegovina,10.81
2000,Botswana,18.97
2000,Brazil,21.69
2000,Bulgaria,9.9
2000,Burkina Faso,28.6
2000,Burundi,21.32
2000,Cameroon,24.88
2000,Canada,6.8
2000,Central African Republic,25.4
2000,Chile,9.47
2000,China,14.42
2000,Colombia,24.5
2000,Congo,24.18
2000,Congo (Democratic Republic Of The),22.6
2000,Croatia,11.45
2000,Czech Republic,10.3
2000,Côte D'Ivoire,26.36
2000,Denmark,9.67
2000,Dominican Republic,26.36
2000,Ecuador,21.34
2000,Egypt,21.12
2000,El Salvador,25.78
2000,Equatorial Guinea,25.8
2000,Eritrea,24.76
2000,Estonia,7.12
2000,Finland,6.57
2000,France,11.74
2000,Gabon,26.3
2000,Georgia,9.68
2000,Germany,10.12
2000,Ghana,26.83
2000,Greece,18.2
2000,Guatemala,19.47
2000,Guinea,27.12
2000,Guinea Bissau,27.58
2000,Guyana,27.05
2000,Haiti,26.76
2000,Honduras,24.43
2000,Hong Kong,21.92
2000,Hungary,11.69
2000,India,26.02
2000,Indonesia,27.15
2000,Iran,14.15
2000,Iraq,22.09
2000,Ireland,9.43
2000,Italy,10.78
2000,Jamaica,26.96
2000,Japan,15.62
2000,Kazakhstan,5.24
2000,Kenya,16.73
2000,Laos,24.34
2000,Latvia,7.47
2000,Lebanon,19.65
2000,Lesotho,14.37
2000,Liberia,26.17
2000,Libya,19.98
2000,Lithuania,7.69
2000,Macedonia,11.0
2000,Madagascar,19.65
2000,Malawi,20.22
2000,Malaysia,27.14
2000,Mali,27.51
2000,Mauritania,27.66
2000,Mauritius,24.0
2000,Mexico,20.66
2000,Moldova,10.5
2000,Mongolia,-2.36
2000,Montenegro,11.54
2000,Morocco,18.15
2000,Mozambique,21.51
2000,Namibia,20.26
2000,Nepal,15.13
2000,Netherlands,10.75
2000,New Zealand,13.4
2000,Nicaragua,26.73
2000,Niger,29.43
2000,Nigeria,26.75
2000,Norway,4.52
2000,Pakistan,25.32
2000,Papua New Guinea,25.4
2000,Peru,17.02
2000,Philippines,26.97
2000,Poland,9.56
2000,Portugal,16.23
2000,Qatar,28.06
2000,Romania,12.44
2000,Russia,3.69
2000,Rwanda,19.59
2000,Saudi Arabia,26.58
2000,Senegal,25.26
2000,Serbia,11.54
2000,Sierra Leone,27.12
2000,Singapore,27.1
2000,Slovakia,11.91
2000,Slovenia,11.45
2000,Somalia,27.79
2000,South Africa,16.7
2000,South Korea,11.42
2000,Spain,17.15
2000,Sri Lanka,26.43
2000,Sudan,27.88
2000,Suriname,26.86
2000,Sweden,8.42
2000,Switzerland,8.54
2000,Syria,19.09
2000,Taiwan,23.1
2000,Tajikistan,8.78
2000,Tanzania,26.18
2000,Thailand,27.52
2000,Tunisia,19.76
2000,Turkey,14.29
2000,Uganda,23.75
2000,Ukraine,8.82
2000,United Arab Emirates,27.67
2000,United Kingdom,9.97
2000,United States,15.02
2000,Uruguay,16.95
2000,Uzbekistan,11.85
2000,Venezuela,25.94
2000,Vietnam,24.7
2000,Zambia,20.66
2000,Zimbabwe,20.28
2001,Afghanistan,15.85
2001,Albania,16.59
2001,Algeria,18.13
2001,Angola,24.43
2001,Argentina,18.07
2001,Armenia,10.18
2001,Australia,17.24
2001,Austria,8.75
2001,Azerbaijan,12.97
2001,Bahamas,25.23
2001,Bahrain,27.36
2001,Bangladesh,25.93
2001,Belarus,6.71
2001,Belgium,10.94
2001,Bolivia,9.0
2001,Bosnia And Herzegovina,10.0
2001,Botswana,19.36
2001,Brazil,22.14
2001,Bulgaria,9.55
2001,Burkina Faso,28.77
2001,Burundi,21.24
2001,Cameroon,25.01
2001,Canada,7.76
2001,Central African Republic,25.28
2001,Chile,9.78
2001,China,14.68
2001,Colombia,24.89
2001,Congo,24.25
2001,Congo (Democratic Republic Of The),22.7
2001,Croatia,10.74
2001,Czech Republic,8.98
2001,Côte D'Ivoire,26.48
2001,Denmark,8.78
2001,Dominican Republic,26.79
2001,Ecuador,21.51
2001,Egypt,21.89
2001,El Salvador,25.92
2001,Equatorial Guinea,25.8
2001,Eritrea,24.61
2001,Estonia,6.08
2001,Finland,5.35
2001,France,11.37
2001,Gabon,26.27
2001,Georgia,10.18
2001,Germany,9.19
2001,Ghana,26.76
2001,Greece,18.67
2001,Guatemala,19.62
2001,Guinea,27.36
2001,Guinea Bissau,27.95
2001,Guyana,27.27
2001,Haiti,27.21
2001,Honduras,24.4
2001,Hong Kong,22.06
2001,Hungary,10.47
2001,India,25.89
2001,Indonesia,27.2
2001,Iran,14.64
2001,Iraq,22.62
2001,Ireland,9.27
2001,Italy,10.53
2001,Jamaica,27.27
2001,Japan,15.44
2001,Kazakhstan,5.54
2001,Kenya,16.1
2001,Laos,24.76
2001,Latvia,6.5
2001,Lebanon,20.29
2001,Lesotho,14.62
2001,Liberia,26.48
2001,Libya,20.6
2001,Lithuania,6.75
2001,Macedonia,10.59
2001,Madagascar,20.12
2001,Malawi,20.59
2001,Malaysia,27.24
2001,Mali,27.79
2001,Mauritania,28.28
2001,Mauritius,24.49
2001,Mexico,20.69
2001,Moldova,9.95
2001,Mongolia,-1.98
2001,Montenegro,11.24
2001,Morocco,18.64
2001,Mozambique,21.94
2001,Namibia,20.37
2001,Nepal,15.41
2001,Netherlands,10.24
2001,New Zealand,13.58
2001,Nicaragua,26.78
2001,Niger,29.46
2001,Nigeria,26.67
2001,Norway,2.68
2001,Pakistan,25.18
2001,Papua New Guinea,25.43
2001,Peru,16.95
2001,Philippines,27.13
2001,Poland,8.26
2001,Portugal,16.2
2001,Qatar,28.36
2001,Romania,11.9
2001,Russia,3.16
2001,Rwanda,19.5
2001,Saudi Arabia,26.64
2001,Senegal,25.79
2001,Serbia,10.82
2001,Sierra Leone,27.36
2001,Singapore,27.19
2001,Slovakia,10.76
2001,Slovenia,10.74
2001,Somalia,27.68
2001,South Africa,17.3
2001,South Korea,11.6
2001,Spain,17.27
2001,Sri Lanka,26.63
2001,Sudan,28.03
2001,Suriname,27.12
2001,Sweden,7.48
2001,Switzerland,7.82
2001,Syria,19.75
2001,Taiwan,23.15
2001,Tajikistan,9.16
2001,Tanzania,26.28
2001,Thailand,27.81
2001,Tunisia,20.04
2001,Turkey,15.11
2001,Uganda,23.47
2001,Ukraine,8.42
2001,United Arab Emirates,27.82
2001,United Kingdom,9.69
2001,United States,15.25
2001,Uruguay,17.61
2001,Uzbekistan,11.99
2001,Venezuela,26.38
2001,Vietnam,24.81
2001,Zambia,20.9
2001,Zimbabwe,20.86
2002,Afghanistan,15.71
2002,Albania,16.47
2002,Algeria,17.85
2002,Angola,24.79
2002,Argentina,17.82
2002,Armenia,9.41
2002,Australia,17.18
2002,Austria,9.62
2002,Azerbaijan,12.45
2002,Bahamas,25.79
2002,Bahrain,27.19
2002,Bangladesh,26.1
2002,Belarus,7.34
2002,Belgium,11.44
2002,Bolivia,9.29
2002,Bosnia And Herzegovina,10.57
2002,Botswana,19.89
2002,Brazil,22.5
2002,Bulgaria,9.6
2002,Burkina Faso,28.97
2002,Burundi,21.45
2002,Cameroon,25.26
2002,Canada,7.65
2002,Central African Republic,25.44
2002,Chile,9.6
2002,China,14.96
2002,Colombia,25.25
2002,Congo,24.63
2002,Congo (Democratic Republic Of The),23.12
2002,Croatia,11.18
2002,Czech Republic,9.73
2002,Côte D'Ivoire,26.59
2002,Denmark,9.54
2002,Dominican Republic,27.06
2002,Ecuador,22.23
2002,Egypt,21.94
2002,El Salvador,26.12
2002,Equatorial Guinea,26.09
2002,Eritrea,24.86
2002,Estonia,6.34
2002,Finland,5.54
2002,France,11.87
2002,Gabon,26.61
2002,Georgia,9.41
2002,Germany,9.86
2002,Ghana,26.92
2002,Greece,18.33
2002,Guatemala,19.93
2002,Guinea,27.53
2002,Guinea Bissau,28.1
2002,Guyana,27.17
2002,Haiti,27.42
2002,Honduras,24.61
2002,Hong Kong,22.37
2002,Hungary,11.43
2002,India,26.63
2002,Indonesia,27.44
2002,Iran,14.26
2002,Iraq,21.93
2002,Ireland,9.75
2002,Italy,10.64
2002,Jamaica,27.51
2002,Japan,15.72
2002,Kazakhstan,6.08
2002,Kenya,16.61
2002,Laos,24.75
2002,Latvia,6.83
2002,Lebanon,19.91
2002,Lesotho,14.69
2002,Liberia,26.6
2002,Libya,20.34
2002,Lithuania,7.26
2002,Macedonia,10.6
2002,Madagascar,20.14
2002,Malawi,20.76
2002,Malaysia,27.57
2002,Mali,28.18
2002,Mauritania,27.84
2002,Mauritius,24.4
2002,Mexico,20.72
2002,Moldova,10.43
2002,Mongolia,-1.48
2002,Montenegro,11.41
2002,Morocco,18.22
2002,Mozambique,21.96
2002,Namibia,20.76
2002,Nepal,15.44
2002,Netherlands,10.64
2002,New Zealand,13.28
2002,Nicaragua,27.0
2002,Niger,29.71
2002,Nigeria,26.98
2002,Norway,3.57
2002,Pakistan,25.61
2002,Papua New Guinea,25.48
2002,Peru,17.44
2002,Philippines,27.04
2002,Poland,9.14
2002,Portugal,16.19
2002,Qatar,28.25
2002,Romania,12.24
2002,Russia,3.23
2002,Rwanda,19.77
2002,Saudi Arabia,26.54
2002,Senegal,25.4
2002,Serbia,11.1
2002,Sierra Leone,27.53
2002,Singapore,27.41
2002,Slovakia,11.55
2002,Slovenia,11.18
2002,Somalia,27.77
2002,South Africa,17.58
2002,South Korea,11.8
2002,Spain,17.16
2002,Sri Lanka,26.74
2002,Sudan,28.31
2002,Suriname,27.14
2002,Sweden,7.96
2002,Switzerland,8.42
2002,Syria,19.47
2002,Taiwan,23.45
2002,Tajikistan,8.63
2002,Tanzania,26.36
2002,Thailand,27.98
2002,Tunisia,19.74
2002,Turkey,14.51
2002,Uganda,23.99
2002,Ukraine,8.87
2002,United Arab Emirates,28.0
2002,United Kingdom,10.28
2002,United States,15.38
2002,Uruguay,17.06
2002,Uzbekistan,11.65
2002,Venezuela,26.52
2002,Vietnam,25.1
2002,Zambia,21.55
2002,Zimbabwe,21.08
2003,Afghanistan,15.13
2003,Albania,16.69
2003,Algeria,18.07
2003,Angola,24.87
2003,Argentina,17.86
2003,Armenia,9.2
2003,Australia,17.08
2003,Austria,9.24
2003,Azerbaijan,11.81
2003,Bahamas,25.81
2003,Bahrain,27.29
2003,Bangladesh,25.93
2003,Belarus,6.32
2003,Belgium,11.2
2003,Bolivia,8.97
2003,Bosnia And Herzegovina,10.1
2003,Botswana,20.6
2003,Brazil,22.08
2003,Bulgaria,9.01
2003,Burkina Faso,28.83
2003,Burundi,21.65
2003,Cameroon,25.3
2003,Canada,6.41
2003,Central African Republic,25.53
2003,Chile,10.0
2003,China,14.27
2003,Colombia,25.2
2003,Congo,24.64
2003,Congo (Democratic Republic Of The),23.04
2003,Croatia,10.83
2003,Czech Republic,9.51
2003,Côte D'Ivoire,26.8
2003,Denmark,9.05
2003,Dominican Republic,27.12
2003,Ecuador,22.07
2003,Egypt,21.7
2003,El Salvador,26.24
2003,Equatorial Guinea,26.18
2003,Eritrea,24.98
2003,Estonia,5.74
2003,Finland,5.02
2003,France,11.91
2003,Gabon,26.73
2003,Georgia,9.2
2003,Germany,9.48
2003,Ghana,27.14
2003,Greece,17.95
2003,Guatemala,20.12
2003,Guinea,27.43
2003,Guinea Bissau,27.77
2003,Guyana,27.63
2003,Haiti,27.5
2003,Honduras,24.78
2003,Hong Kong,22.21
2003,Hungary,10.51
2003,India,25.98
2003,Indonesia,27.4
2003,Iran,13.54
2003,Iraq,22.04
2003,Ireland,9.8
2003,Italy,11.08
2003,Jamaica,27.62
2003,Japan,15.31
2003,Kazakhstan,4.82
2003,Kenya,16.87
2003,Laos,24.8
2003,Latvia,6.22
2003,Lebanon,19.85
2003,Lesotho,15.01
2003,Liberia,26.69
2003,Libya,20.38
2003,Lithuania,6.44
2003,Macedonia,10.44
2003,Madagascar,19.91
2003,Malawi,20.75
2003,Malaysia,27.36
2003,Mali,27.99
2003,Mauritania,27.63
2003,Mauritius,24.52
2003,Mexico,20.97
2003,Moldova,9.29
2003,Mongolia,-2.41
2003,Montenegro,11.3
2003,Morocco,18.4
2003,Mozambique,22.32
2003,Namibia,21.37
2003,Nepal,15.35
2003,Netherlands,10.28
2003,New Zealand,13.3
2003,Nicaragua,27.4
2003,Niger,29.75
2003,Nigeria,27.13
2003,Norway,3.76
2003,Pakistan,24.71
2003,Papua New Guinea,25.49
2003,Peru,17.36
2003,Philippines,27.03
2003,Poland,8.22
2003,Portugal,16.6
2003,Qatar,28.38
2003,Romania,11.23
2003,Russia,3.97
2003,Rwanda,19.93
2003,Saudi Arabia,26.74
2003,Senegal,25.25
2003,Serbia,10.65
2003,Sierra Leone,27.43
2003,Singapore,27.31
2003,Slovakia,10.94
2003,Slovenia,10.83
2003,Somalia,28.03
2003,South Africa,18.1
2003,South Korea,11.8
2003,Spain,17.73
2003,Sri Lanka,26.79
2003,Sudan,28.09
2003,Suriname,27.49
2003,Sweden,7.46
2003,Switzerland,8.48
2003,Syria,19.3
2003,Taiwan,23.22
2003,Tajikistan,8.24
2003,Tanzania,26.69
2003,Thailand,27.79
2003,Tunisia,20.04
2003,Turkey,13.91
2003,Uganda,24.03
2003,Ukraine,7.8
2003,United Arab Emirates,28.12
2003,United Kingdom,10.25
2003,United States,15.43
2003,Uruguay,16.7
2003,Uzbekistan,11.25
2003,Venezuela,26.57
2003,Vietnam,25.22
2003,Zambia,21.16
2003,Zimbabwe,20.89
2004,Afghanistan,16.13
2004,Albania,16.16
2004,Algeria,17.38
2004,Angola,24.22
2004,Argentina,17.89
2004,Armenia,9.55
2004,Australia,17.26
2004,Austria,8.76
2004,Azerbaijan,12.76
2004,Bahamas,25.46
2004,Bahrain,27.07
2004,Bangladesh,26.14
2004,Belarus,6.49
2004,Belgium,10.94
2004,Bolivia,9.41
2004,Bosnia And Herzegovina,9.62
2004,Botswana,19.41
2004,Brazil,21.59
2004,Bulgaria,9.18
2004,Burkina Faso,28.9
2004,Burundi,21.71
2004,Cameroon,25.42
2004,Canada,6.71
2004,Central African Republic,25.67
2004,Chile,9.88
2004,China,14.62
2004,Colombia,24.96
2004,Congo,24.66
2004,Congo (Democratic Republic Of The),22.94
2004,Croatia,10.06
2004,Czech Republic,9.17
2004,Côte D'Ivoire,26.72
2004,Denmark,9.0
2004,Dominican Republic,26.77
2004,Ecuador,22.04
2004,Egypt,21.57
2004,El Salvador,26.2
2004,Equatorial Guinea,26.31
2004,Eritrea,24.79
2004,Estonia,6.03
2004,Finland,5.4
2004,France,11.34
2004,Gabon,26.63
2004,Georgia,9.55
2004,Germany,9.48
2004,Ghana,27.02
2004,Greece,18.07
2004,Guatemala,19.85
2004,Guinea,27.56
2004,Guinea Bissau,27.93
2004,Guyana,27.45
2004,Haiti,27.37
2004,Honduras,24.68
2004,Hong Kong,22.0
2004,Hungary,10.37
2004,India,26.23
2004,Indonesia,27.37
2004,Iran,14.3
2004,Iraq,21.86
2004,Ireland,9.77
2004,Italy,10.24
2004,Jamaica,27.47
2004,Japan,16.26
2004,Kazakhstan,5.85
2004,Kenya,16.92
2004,Laos,24.35
2004,Latvia,6.28
2004,Lebanon,19.72
2004,Lesotho,14.91
2004,Liberia,26.6
2004,Libya,20.11
2004,Lithuania,6.43
2004,Macedonia,10.25
2004,Madagascar,19.87
2004,Malawi,20.44
2004,Malaysia,27.35
2004,Mali,28.07
2004,Mauritania,27.81
2004,Mauritius,24.25
2004,Mexico,20.58
2004,Moldova,9.79
2004,Mongolia,-1.51
2004,Montenegro,10.83
2004,Morocco,18.14
2004,Mozambique,21.89
2004,Namibia,21.01
2004,Nepal,15.36
2004,Netherlands,10.27
2004,New Zealand,12.76
2004,Nicaragua,27.22
2004,Niger,29.8
2004,Nigeria,27.11
2004,Norway,3.79
2004,Pakistan,25.55
2004,Papua New Guinea,25.23
2004,Peru,17.29
2004,Philippines,26.99
2004,Poland,8.33
2004,Portugal,16.31
2004,Qatar,28.2
2004,Romania,11.63
2004,Russia,4.09
2004,Rwanda,19.93
2004,Saudi Arabia,26.36
2004,Senegal,25.38
2004,Serbia,10.46
2004,Sierra Leone,27.56
2004,Singapore,27.33
2004,Slovakia,10.44
2004,Slovenia,10.06
2004,Somalia,27.85
2004,South Africa,17.12
2004,South Korea,12.25
2004,Spain,17.12
2004,Sri Lanka,26.64
2004,Sudan,28.13
2004,Suriname,27.47
2004,Sweden,7.53
2004,Switzerland,7.67
2004,Syria,19.22
2004,Taiwan,22.93
2004,Tajikistan,9.24
2004,Tanzania,26.34
2004,Thailand,27.8
2004,Tunisia,19.37
2004,Turkey,14.23
2004,Uganda,24.02
2004,Ukraine,8.32
2004,United Arab Emirates,28.07
2004,United Kingdom,10.27
2004,United States,15.37
2004,Uruguay,17.22
2004,Uzbekistan,12.24
2004,Venezuela,26.16
2004,Vietnam,24.74
2004,Zambia,20.79
2004,Zimbabwe,20.31
2005,Afghanistan,14.85
2005,Albania,15.67
2005,Algeria,17.19
2005,Angola,24.41
2005,Argentina,17.58
2005,Armenia,9.58
2005,Australia,17.48
2005,Austria,8.6
2005,Azerbaijan,12.88
2005,Bahamas,25.43
2005,Bahrain,26.89
2005,Bangladesh,26.19
2005,Belarus,6.53
2005,Belgium,11.16
2005,Bolivia,8.9
2005,Bosnia And Herzegovina,8.88
2005,Botswana,20.42
2005,Brazil,22.05
2005,Bulgaria,8.58
2005,Burkina Faso,29.18
2005,Burundi,22.29
2005,Cameroon,25.36
2005,Canada,7.56
2005,Central African Republic,25.92
2005,Chile,9.64
2005,China,14.66
2005,Colombia,25.12
2005,Congo,24.71
2005,Congo (Democratic Republic Of The),23.44
2005,Croatia,9.62
2005,Czech Republic,9.12
2005,Côte D'Ivoire,26.74
2005,Denmark,9.11
2005,Dominican Republic,26.96
2005,Ecuador,21.82
2005,Egypt,21.54
2005,El Salvador,26.07
2005,Equatorial Guinea,26.24
2005,Eritrea,24.85
2005,Estonia,6.04
2005,Finland,5.8
2005,France,11.55
2005,Gabon,26.64
2005,Georgia,9.58
2005,Germany,9.58
2005,Ghana,27.06
2005,Greece,17.91
2005,Guatemala,19.99
2005,Guinea,27.66
2005,Guinea Bissau,28.24
2005,Guyana,27.71
2005,Haiti,27.35
2005,Honduras,24.77
2005,Hong Kong,21.85
2005,Hungary,10.05
2005,India,25.84
2005,Indonesia,27.33
2005,Iran,14.05
2005,Iraq,21.77
2005,Ireland,9.91
2005,Italy,9.75
2005,Jamaica,27.34
2005,Japan,15.36
2005,Kazakhstan,5.54
2005,Kenya,17.28
2005,Laos,24.91
2005,Latvia,6.3
2005,Lebanon,19.68
2005,Lesotho,14.89
2005,Liberia,26.61
2005,Libya,19.88
2005,Lithuania,6.5
2005,Macedonia,9.62
2005,Madagascar,20.05
2005,Malawi,21.37
2005,Malaysia,27.59
2005,Mali,28.13
2005,Mauritania,28.14
2005,Mauritius,24.16
2005,Mexico,20.76
2005,Moldova,9.87
2005,Mongolia,-2.36
2005,Montenegro,10.14
2005,Morocco,18.16
2005,Mozambique,22.27
2005,Namibia,20.46
2005,Nepal,15.53
2005,Netherlands,10.48
2005,New Zealand,13.63
2005,Nicaragua,27.2
2005,Niger,30.02
2005,Nigeria,27.27
2005,Norway,4.26
2005,Pakistan,24.66
2005,Papua New Guinea,25.51
2005,Peru,17.02
2005,Philippines,27.07
2005,Poland,8.43
2005,Portugal,16.43
2005,Qatar,28.09
2005,Romania,11.25
2005,Russia,3.68
2005,Rwanda,20.29
2005,Saudi Arabia,26.37
2005,Senegal,25.78
2005,Serbia,9.75
2005,Sierra Leone,27.66
2005,Singapore,27.49
2005,Slovakia,10.18
2005,Slovenia,9.62
2005,Somalia,28.08
2005,South Africa,18.02
2005,South Korea,11.16
2005,Spain,16.69
2005,Sri Lanka,26.73
2005,Sudan,28.33
2005,Suriname,27.7
2005,Sweden,7.72
2005,Switzerland,7.49
2005,Syria,19.15
2005,Taiwan,22.78
2005,Tajikistan,8.61
2005,Tanzania,26.8
2005,Thailand,27.92
2005,Tunisia,19.12
2005,Turkey,14.23
2005,Uganda,24.29
2005,Ukraine,8.39
2005,United Arab Emirates,27.9
2005,United Kingdom,10.24
2005,United States,15.28
2005,Uruguay,17.13
2005,Uzbekistan,11.75
2005,Venezuela,26.6
2005,Vietnam,24.9
2005,Zambia,21.97
2005,Zimbabwe,21.49
2006,Afghanistan,15.8
2006,Albania,15.92
2006,Algeria,18.13
2006,Angola,24.14
2006,Argentina,18.23
2006,Armenia,9.89
2006,Australia,17.25
2006,Austria,9.13
2006,Azerbaijan,12.66
2006,Bahamas,25.34
2006,Bahrain,27.15
2006,Bangladesh,26.44
2006,Belarus,6.6
2006,Belgium,11.48
2006,Bolivia,9.19
2006,Bosnia And Herzegovina,9.69
2006,Botswana,18.97
2006,Brazil,21.82
2006,Bulgaria,9.08
2006,Burkina Faso,28.92
2006,Burundi,21.83
2006,Cameroon,25.39
2006,Canada,8.08
2006,Central African Republic,25.85
2006,Chile,10.02
2006,China,15.17
2006,Colombia,25.06
2006,Congo,24.59
2006,Congo (Democratic Republic Of The),22.93
2006,Croatia,10.56
2006,Czech Republic,9.67
2006,Côte D'Ivoire,26.68
2006,Denmark,9.74
2006,Dominican Republic,27.04
2006,Ecuador,22.09
2006,Egypt,21.6
2006,El Salvador,26.14
2006,Equatorial Guinea,26.33
2006,Eritrea,24.7
2006,Estonia,6.7
2006,Finland,5.91
2006,France,11.79
2006,Gabon,26.86
2006,Georgia,9.89
2006,Germany,10.15
2006,Ghana,27.1
2006,Greece,17.78
2006,Guatemala,19.88
2006,Guinea,27.2
2006,Guinea Bissau,27.64
2006,Guyana,27.49
2006,Haiti,27.41
2006,Honduras,24.88
2006,Hong Kong,22.23
2006,Hungary,10.67
2006,India,26.36
2006,Indonesia,27.3
2006,Iran,14.61
2006,Iraq,21.97
2006,Ireland,10.0
2006,Italy,10.51
2006,Jamaica,27.58
2006,Japan,15.44
2006,Kazakhstan,5.76
2006,Kenya,16.92
2006,Laos,24.92
2006,Latvia,6.95
2006,Lebanon,19.59
2006,Lesotho,14.18
2006,Liberia,26.44
2006,Libya,20.06
2006,Lithuania,6.98
2006,Macedonia,9.98
2006,Madagascar,20.09
2006,Malawi,20.63
2006,Malaysia,27.29
2006,Mali,27.62
2006,Mauritania,27.82
2006,Mauritius,24.32
2006,Mexico,20.9
2006,Moldova,9.46
2006,Mongolia,-1.56
2006,Montenegro,10.56
2006,Morocco,18.44
2006,Mozambique,21.68
2006,Namibia,19.42
2006,Nepal,15.92
2006,Netherlands,10.97
2006,New Zealand,13.04
2006,Nicaragua,27.35
2006,Niger,29.78
2006,Nigeria,27.29
2006,Norway,4.43
2006,Pakistan,25.17
2006,Papua New Guinea,25.04
2006,Peru,17.61
2006,Philippines,27.17
2006,Poland,8.64
2006,Portugal,16.84
2006,Qatar,28.12
2006,Romania,11.63
2006,Russia,3.12
2006,Rwanda,20.02
2006,Saudi Arabia,26.33
2006,Senegal,25.32
2006,Serbia,10.32
2006,Sierra Leone,27.2
2006,Singapore,27.33
2006,Slovakia,10.86
2006,Slovenia,10.56
2006,Somalia,27.78
2006,South Africa,16.84
2006,South Korea,12.01
2006,Spain,17.81
2006,Sri Lanka,26.56
2006,Sudan,27.91
2006,Suriname,27.34
2006,Sweden,8.3
2006,Switzerland,8.19
2006,Syria,19.07
2006,Taiwan,23.38
2006,Tajikistan,8.97
2006,Tanzania,26.36
2006,Thailand,27.92
2006,Tunisia,19.82
2006,Turkey,14.11
2006,Uganda,23.95
2006,Ukraine,7.88
2006,United Arab Emirates,27.94
2006,United Kingdom,10.58
2006,United States,15.46
2006,Uruguay,17.13
2006,Uzbekistan,11.86
2006,Venezuela,26.49
2006,Vietnam,25.2
2006,Zambia,21.05
2006,Zimbabwe,20.7
2007,Afghanistan,15.52
2007,Albania,16.67
2007,Algeria,17.42
2007,Angola,24.24
2007,Argentina,16.92
2007,Armenia,9.44
2007,Australia,17.76
2007,Austria,10.03
2007,Azerbaijan,12.75
2007,Bahamas,25.71
2007,Bahrain,27.13
2007,Bangladesh,25.95
2007,Belarus,7.51
2007,Belgium,11.52
2007,Bolivia,9.08
2007,Bosnia And Herzegovina,10.66
2007,Botswana,19.71
2007,Brazil,22.19
2007,Bulgaria,10.23
2007,Burkina Faso,28.96
2007,Burundi,21.28
2007,Cameroon,25.49
2007,Canada,7.24
2007,Central African Republic,25.88
2007,Chile,8.91
2007,China,14.84
2007,Colombia,24.96
2007,Congo,24.57
2007,Congo (Democratic Republic Of The),22.86
2007,Croatia,11.31
2007,Czech Republic,10.25
2007,Côte D'Ivoire,26.8
2007,Denmark,9.87
2007,Dominican Republic,27.1
2007,Ecuador,21.68
2007,Egypt,21.94
2007,El Salvador,26.02
2007,Equatorial Guinea,26.38
2007,Eritrea,24.7
2007,Estonia,6.97
2007,Finland,6.23
2007,France,11.75
2007,Gabon,26.86
2007,Georgia,9.44
2007,Germany,10.37
2007,Ghana,27.16
2007,Greece,18.67
2007,Guatemala,19.9
2007,Guinea,27.28
2007,Guinea Bissau,27.83
2007,Guyana,27.3
2007,Haiti,27.47
2007,Honduras,24.55
2007,Hong Kong,22.31
2007,Hungary,11.82
2007,India,25.99
2007,Indonesia,27.18
2007,Iran,13.74
2007,Iraq,22.02
2007,Ireland,10.11
2007,Italy,10.86
2007,Jamaica,27.61
2007,Japan,15.98
2007,Kazakhstan,5.96
2007,Kenya,16.6
2007,Laos,24.81
2007,Latvia,7.25
2007,Lebanon,20.04
2007,Lesotho,14.81
2007,Liberia,26.53
2007,Libya,20.27
2007,Lithuania,7.44
2007,Macedonia,11.27
2007,Madagascar,20.02
2007,Malawi,20.67
2007,Malaysia,27.23
2007,Mali,27.94
2007,Mauritania,27.88
2007,Mauritius,24.28
2007,Mexico,20.76
2007,Moldova,11.34
2007,Mongolia,0.2
2007,Montenegro,11.59
2007,Morocco,17.96
2007,Mozambique,21.91
2007,Namibia,20.49
2007,Nepal,15.54
2007,Netherlands,11.04
2007,New Zealand,13.44
2007,Nicaragua,27.23
2007,Niger,29.85
2007,Nigeria,27.29
2007,Norway,3.96
2007,Pakistan,25.16
2007,Papua New Guinea,25.2
2007,Peru,16.68
2007,Philippines,27.17
2007,Poland,9.32
2007,Portugal,16.11
2007,Qatar,28.23
2007,Romania,12.99
2007,Russia,4.01
2007,Rwanda,19.6
2007,Saudi Arabia,26.53
2007,Senegal,25.34
2007,Serbia,11.54
2007,Sierra Leone,27.28
2007,Singapore,27.13
2007,Slovakia,11.88
2007,Slovenia,11.31
2007,Somalia,28.08
2007,South Africa,17.44
2007,South Korea,12.25
2007,Spain,17.24
2007,Sri Lanka,26.57
2007,Sudan,27.84
2007,Suriname,27.19
2007,Sweden,8.16
2007,Switzerland,8.43
2007,Syria,19.47
2007,Taiwan,23.38
2007,Tajikistan,8.69
2007,Tanzania,26.45
2007,Thailand,27.79
2007,Tunisia,19.71
2007,Turkey,14.98
2007,Uganda,23.68
2007,Ukraine,9.46
2007,United Arab Emirates,28.08
2007,United Kingdom,10.37
2007,United States,15.8
2007,Uruguay,16.53
2007,Uzbekistan,11.79
2007,Venezuela,26.6
2007,Vietnam,25.06
2007,Zambia,20.87
2007,Zimbabwe,20.75
2008,Afghanistan,15.48
2008,Albania,16.71
2008,Algeria,17.55
2008,Angola,24.27
2008,Argentina,18.05
2008,Armenia,9.51
2008,Australia,17.01
2008,Austria,9.96
2008,Azerbaijan,12.3
2008,Bahamas,25.63
2008,Bahrain,26.96
2008,Bangladesh,26.0
2008,Belarus,7.75
2008,Belgium,10.9
2008,Bolivia,8.85
2008,Bosnia And Herzegovina,10.77
2008,Botswana,19.63
2008,Brazil,21.86
2008,Bulgaria,9.9
2008,Burkina Faso,28.4
2008,Burundi,21.29
2008,Cameroon,25.42
2008,Canada,6.94
2008,Central African Republic,25.76
2008,Chile,10.13
2008,China,14.5
2008,Colombia,24.62
2008,Congo,24.52
2008,Congo (Democratic Republic Of The),22.72
2008,Croatia,11.09
2008,Czech Republic,9.91
2008,Côte D'Ivoire,26.67
2008,Denmark,9.82
2008,Dominican Republic,26.66
2008,Ecuador,21.72
2008,Egypt,22.19
2008,El Salvador,25.71
2008,Equatorial Guinea,26.26
2008,Eritrea,24.79
2008,Estonia,7.39
2008,Finland,6.77
2008,France,11.28
2008,Gabon,26.78
2008,Georgia,9.51
2008,Germany,10.04
2008,Ghana,26.98
2008,Greece,18.61
2008,Guatemala,19.51
2008,Guinea,27.61
2008,Guinea Bissau,27.88
2008,Guyana,27.31
2008,Haiti,27.08
2008,Honduras,24.25
2008,Hong Kong,21.66
2008,Hungary,11.55
2008,India,25.67
2008,Indonesia,27.0
2008,Iran,13.72
2008,Iraq,22.28
2008,Ireland,9.42
2008,Italy,10.46
2008,Jamaica,27.17
2008,Japan,15.56
2008,Kazakhstan,5.72
2008,Kenya,16.66
2008,Laos,24.06
2008,Latvia,7.67
2008,Lebanon,20.24
2008,Lesotho,14.74
2008,Liberia,26.61
2008,Libya,20.39
2008,Lithuania,7.84
2008,Macedonia,11.2
2008,Madagascar,19.79
2008,Malawi,20.42
2008,Malaysia,27.12
2008,Mali,27.62
2008,Mauritania,28.14
2008,Mauritius,24.19
2008,Mexico,20.72
2008,Moldova,10.6
2008,Mongolia,-1.05
2008,Montenegro,11.62
2008,Morocco,17.88
2008,Mozambique,21.76
2008,Namibia,20.18
2008,Nepal,15.27
2008,Netherlands,10.42
2008,New Zealand,13.55
2008,Nicaragua,26.75
2008,Niger,29.3
2008,Nigeria,27.07
2008,Norway,4.16
2008,Pakistan,24.89
2008,Papua New Guinea,25.17
2008,Peru,17.34
2008,Philippines,26.85
2008,Poland,9.51
2008,Portugal,16.12
2008,Qatar,27.92
2008,Romania,12.5
2008,Russia,4.71
2008,Rwanda,19.56
2008,Saudi Arabia,26.42
2008,Senegal,25.5
2008,Serbia,11.52
2008,Sierra Leone,27.61
2008,Singapore,27.07
2008,Slovakia,11.71
2008,Slovenia,11.09
2008,Somalia,27.75
2008,South Africa,17.33
2008,South Korea,11.96
2008,Spain,16.92
2008,Sri Lanka,26.42
2008,Sudan,28.06
2008,Suriname,27.22
2008,Sweden,8.49
2008,Switzerland,7.98
2008,Syria,19.75
2008,Taiwan,23.02
2008,Tajikistan,8.29
2008,Tanzania,26.17
2008,Thailand,27.48
2008,Tunisia,19.76
2008,Turkey,14.91
2008,Uganda,23.68
2008,Ukraine,9.24
2008,United Arab Emirates,27.59
2008,United Kingdom,9.82
2008,United States,15.05
2008,Uruguay,17.43
2008,Uzbekistan,11.43
2008,Venezuela,26.37
2008,Vietnam,24.49
2008,Zambia,20.66
2008,Zimbabwe,20.68
2009,Afghanistan,15.09
2009,Albania,16.73
2009,Algeria,17.78
2009,Angola,24.33
2009,Argentina,18.12
2009,Armenia,9.67
2009,Australia,17.78
2009,Austria,9.48
2009,Azerbaijan,12.6
2009,Bahamas,25.46
2009,Bahrain,27.24
2009,Bangladesh,26.54
2009,Belarus,6.75
2009,Belgium,11.0
2009,Bolivia,9.29
2009,Bosnia And Herzegovina,10.56
2009,Botswana,19.25
2009,Brazil,22.25
2009,Bulgaria,9.74
2009,Burkina Faso,29.05
2009,Burundi,21.42
2009,Cameroon,25.54
2009,Canada,6.7
2009,Central African Republic,26.17
2009,Chile,9.87
2009,China,14.92
2009,Colombia,25.28
2009,Congo,24.58
2009,Congo (Democratic Republic Of The),22.8
2009,Croatia,11.06
2009,Czech Republic,9.47
2009,Côte D'Ivoire,26.78
2009,Denmark,9.22
2009,Dominican Republic,26.9
2009,Ecuador,22.01
2009,Egypt,22.15
2009,El Salvador,26.21
2009,Equatorial Guinea,26.45
2009,Eritrea,25.3
2009,Estonia,6.14
2009,Finland,5.49
2009,France,11.46
2009,Gabon,26.97
2009,Georgia,9.67
2009,Germany,9.61
2009,Ghana,27.14
2009,Greece,18.52
2009,Guatemala,19.99
2009,Guinea,27.37
2009,Guinea Bissau,27.64
2009,Guyana,27.67
2009,Haiti,27.35
2009,Honduras,24.77
2009,Hong Kong,22.2
2009,Hungary,11.48
2009,India,26.55
2009,Indonesia,27.3
2009,Iran,14.12
2009,Iraq,22.06
2009,Ireland,9.47
2009,Italy,10.7
2009,Jamaica,27.42
2009,Japan,15.64
2009,Kazakhstan,4.9
2009,Kenya,17.3
2009,Laos,24.94
2009,Latvia,6.51
2009,Lebanon,20.19
2009,Lesotho,14.62
2009,Liberia,26.8
2009,Libya,20.24
2009,Lithuania,6.7
2009,Macedonia,10.83
2009,Madagascar,20.13
2009,Malawi,20.68
2009,Malaysia,27.47
2009,Mali,27.89
2009,Mauritania,27.57
2009,Mauritius,24.58
2009,Mexico,21.04
2009,Moldova,10.64
2009,Mongolia,-2.04
2009,Montenegro,11.46
2009,Morocco,18.64
2009,Mozambique,21.7
2009,Namibia,20.02
2009,Nepal,15.91
2009,Netherlands,10.33
2009,New Zealand,12.84
2009,Nicaragua,27.23
2009,Niger,30.32
2009,Nigeria,27.45
2009,Norway,3.31
2009,Pakistan,25.37
2009,Papua New Guinea,25.08
2009,Peru,17.4
2009,Philippines,26.81
2009,Poland,8.5
2009,Portugal,16.84
2009,Qatar,28.17
2009,Romania,12.47
2009,Russia,3.33
2009,Rwanda,19.84
2009,Saudi Arabia,26.8
2009,Senegal,25.01
2009,Serbia,11.18
2009,Sierra Leone,27.37
2009,Singapore,27.47
2009,Slovakia,11.42
2009,Slovenia,11.06
2009,Somalia,28.23
2009,South Africa,17.06
2009,South Korea,11.84
2009,Spain,17.45
2009,Sri Lanka,26.67
2009,Sudan,28.66
2009,Suriname,27.45
2009,Sweden,7.54
2009,Switzerland,8.15
2009,Syria,19.6
2009,Taiwan,23.14
2009,Tajikistan,8.42
2009,Tanzania,26.67
2009,Thailand,27.79
2009,Tunisia,19.64
2009,Turkey,14.95
2009,Uganda,24.18
2009,Ukraine,8.82
2009,United Arab Emirates,28.04
2009,United Kingdom,9.9
2009,United States,15.02
2009,Uruguay,16.96
2009,Uzbekistan,11.49
2009,Venezuela,26.92
2009,Vietnam,25.22
2009,Zambia,20.76
2009,Zimbabwe,20.52
2010,Afghanistan,15.68
2010,Albania,16.52
2010,Algeria,17.59
2010,Angola,24.44
2010,Argentina,17.58
2010,Armenia,11.31
2010,Australia,17.36
2010,Austria,8.36
2010,Azerbaijan,13.85
2010,Bahamas,24.77
2010,Bahrain,28.0
2010,Bangladesh,26.65
2010,Belarus,6.71
2010,Belgium,9.74
2010,Bolivia,9.6
2010,Bosnia And Herzegovina,9.99
2010,Botswana,19.98
2010,Brazil,22.12
2010,Bulgaria,9.65
2010,Burkina Faso,29.17
2010,Burundi,21.75
2010,Cameroon,25.7
2010,Canada,8.05
2010,Central African Republic,26.06
2010,Chile,9.41
2010,China,14.74
2010,Colombia,25.11
2010,Congo,24.9
2010,Congo (Democratic Republic Of The),23.24
2010,Croatia,10.0
2010,Czech Republic,8.13
2010,Côte D'Ivoire,27.08
2010,Denmark,7.54
2010,Dominican Republic,26.97
2010,Ecuador,21.98
2010,Egypt,23.09
2010,El Salvador,25.96
2010,Equatorial Guinea,26.57
2010,Eritrea,25.22
2010,Estonia,5.06
2010,Finland,4.36
2010,France,10.41
2010,Gabon,26.9
2010,Georgia,11.31
2010,Germany,7.97
2010,Ghana,27.57
2010,Greece,19.3
2010,Guatemala,19.85
2010,Guinea,27.8
2010,Guinea Bissau,28.21
2010,Guyana,27.87
2010,Haiti,27.19
2010,Honduras,24.49
2010,Hong Kong,21.8
2010,Hungary,10.35
2010,India,26.58
2010,Indonesia,27.36
2010,Iran,15.21
2010,Iraq,23.73
2010,Ireland,8.38
2010,Italy,9.84
2010,Jamaica,27.09
2010,Japan,15.84
2010,Kazakhstan,4.96
2010,Kenya,16.82
2010,Laos,25.5
2010,Latvia,5.67
2010,Lebanon,21.26
2010,Lesotho,15.23
2010,Liberia,26.82
2010,Libya,20.84
2010,Lithuania,6.14
2010,Macedonia,10.89
2010,Madagascar,20.31
2010,Malawi,21.34
2010,Malaysia,27.69
2010,Mali,28.18
2010,Mauritania,28.7
2010,Mauritius,24.67
2010,Mexico,20.26
2010,Moldova,10.19
2010,Mongolia,-3.04
2010,Montenegro,11.25
2010,Morocco,18.85
2010,Mozambique,22.1
2010,Namibia,20.62
2010,Nepal,15.96
2010,Netherlands,8.84
2010,New Zealand,13.54
2010,Nicaragua,27.01
2010,Niger,30.32
2010,Nigeria,27.56
2010,Norway,1.3
2010,Pakistan,25.48
2010,Papua New Guinea,25.74
2010,Peru,16.97
2010,Philippines,27.24
2010,Poland,7.67
2010,Portugal,16.5
2010,Qatar,28.93
2010,Romania,11.94
2010,Russia,3.64
2010,Rwanda,20.12
2010,Saudi Arabia,27.34
2010,Senegal,26.1
2010,Serbia,10.98
2010,Sierra Leone,27.8
2010,Singapore,27.6
2010,Slovakia,10.34
2010,Slovenia,10.0
2010,Somalia,28.03
2010,South Africa,17.71
2010,South Korea,11.3
2010,Spain,16.51
2010,Sri Lanka,26.83
2010,Sudan,28.62
2010,Suriname,27.7
2010,Sweden,6.01
2010,Switzerland,7.06
2010,Syria,21.07
2010,Taiwan,23.0
2010,Tajikistan,8.98
2010,Tanzania,26.7
2010,Thailand,28.54
2010,Tunisia,19.76
2010,Turkey,15.6
2010,Uganda,24.14
2010,Ukraine,8.97
2010,United Arab Emirates,28.69
2010,United Kingdom,8.8
2010,United States,14.96
2010,Uruguay,17.11
2010,Uzbekistan,11.94
2010,Venezuela,26.88
2010,Vietnam,25.42
2010,Zambia,21.34
2010,Zimbabwe,21.17
2011,Afghanistan,15.81
2011,Albania,16.45
2011,Algeria,17.79
2011,Angola,24.15
2011,Argentina,17.76
2011,Armenia,8.93
2011,Australia,17.3
2011,Austria,9.42
2011,Azerbaijan,11.79
2011,Bahamas,25.76
2011,Bahrain,27.01
2011,Bangladesh,25.8
2011,Belarus,7.29
2011,Belgium,11.69
2011,Bolivia,9.28
2011,Bosnia And Herzegovina,10.41
2011,Botswana,19.19
2011,Brazil,21.74
2011,Bulgaria,9.17
2011,Burkina Faso,29.03
2011,Burundi,21.23
2011,Cameroon,25.25
2011,Canada,7.26
2011,Central African Republic,25.23
2011,Chile,9.76
2011,China,14.34
2011,Colombia,24.76
2011,Congo,24.2
2011,Congo (Democratic Republic Of The),22.66
2011,Croatia,11.02
2011,Czech Republic,9.84
2011,Côte D'Ivoire,26.73
2011,Denmark,9.31
2011,Dominican Republic,26.72
2011,Ecuador,21.78
2011,Egypt,21.58
2011,El Salvador,25.95
2011,Equatorial Guinea,26.21
2011,Eritrea,24.78
2011,Estonia,6.98
2011,Finland,6.38
2011,France,12.33
2011,Gabon,26.63
2011,Georgia,8.93
2011,Germany,9.73
2011,Ghana,27.11
2011,Greece,17.67
2011,Guatemala,19.85
2011,Guinea,27.51
2011,Guinea Bissau,27.81
2011,Guyana,27.43
2011,Haiti,27.1
2011,Honduras,24.63
2011,Hong Kong,21.53
2011,Hungary,10.92
2011,India,25.64
2011,Indonesia,27.19
2011,Iran,13.93
2011,Iraq,21.61
2011,Ireland,9.76
2011,Italy,11.07
2011,Jamaica,27.17
2011,Japan,15.4
2011,Kazakhstan,4.61
2011,Kenya,16.9
2011,Laos,24.14
2011,Latvia,7.25
2011,Lebanon,19.67
2011,Lesotho,14.32
2011,Liberia,26.54
2011,Libya,19.87
2011,Lithuania,7.32
2011,Macedonia,10.25
2011,Madagascar,20.33
2011,Malawi,20.92
2011,Malaysia,27.27
2011,Mali,27.79
2011,Mauritania,27.87
2011,Mauritius,24.52
2011,Mexico,20.69
2011,Moldova,9.73
2011,Mongolia,-2.41
2011,Montenegro,11.25
2011,Morocco,18.56
2011,Mozambique,21.69
2011,Namibia,19.26
2011,Nepal,15.12
2011,Netherlands,10.73
2011,New Zealand,13.46
2011,Nicaragua,26.94
2011,Niger,30.1
2011,Nigeria,27.18
2011,Norway,4.14
2011,Pakistan,24.98
2011,Papua New Guinea,25.17
2011,Peru,17.03
2011,Philippines,26.68
2011,Poland,8.84
2011,Portugal,16.91
2011,Qatar,28.23
2011,Romania,11.26
2011,Russia,2.52
2011,Rwanda,19.59
2011,Saudi Arabia,26.48
2011,Senegal,25.41
2011,Serbia,10.58
2011,Sierra Leone,27.51
2011,Singapore,27.28
2011,Slovakia,11.1
2011,Slovenia,11.02
2011,Somalia,28.28
2011,South Africa,17.12
2011,South Korea,11.12
2011,Spain,17.9
2011,Sri Lanka,26.65
2011,Sudan,28.22
2011,Suriname,27.42
2011,Sweden,8.18
2011,Switzerland,8.68
2011,Syria,18.95
2011,Taiwan,22.55
2011,Tajikistan,8.45
2011,Tanzania,26.56
2011,Thailand,27.56
2011,Tunisia,19.53
2011,Turkey,13.65
2011,Uganda,23.89
2011,Ukraine,8.48
2011,United Arab Emirates,28.25
2011,United Kingdom,10.63
2011,United States,15.55
2011,Uruguay,16.9
2011,Uzbekistan,11.35
2011,Venezuela,26.32
2011,Vietnam,24.36
2011,Zambia,20.88
2011,Zimbabwe,20.78
2012,Afghanistan,14.51
2012,Albania,16.7
2012,Algeria,17.91
2012,Angola,24.24
2012,Argentina,18.3
2012,Armenia,10.2
2012,Australia,17.16
2012,Austria,9.42
2012,Azerbaijan,13.0
2012,Bahamas,25.46
2012,Bahrain,27.45
2012,Bangladesh,26.28
2012,Belarus,6.33
2012,Belgium,10.68
2012,Bolivia,9.26
2012,Bosnia And Herzegovina,10.74
2012,Botswana,19.83
2012,Brazil,22.16
2012,Bulgaria,9.99
2012,Burkina Faso,28.67
2012,Burundi,21.44
2012,Cameroon,25.18
2012,Canada,8.25
2012,Central African Republic,25.28
2012,Chile,10.15
2012,China,14.55
2012,Colombia,25.07
2012,Congo,24.21
2012,Congo (Democratic Republic Of The),22.65
2012,Croatia,11.12
2012,Czech Republic,9.51
2012,Côte D'Ivoire,26.48
2012,Denmark,8.7
2012,Dominican Republic,26.86
2012,Ecuador,21.86
2012,Egypt,22.02
2012,El Salvador,26.04
2012,Equatorial Guinea,26.1
2012,Eritrea,25.16
2012,Estonia,5.57
2012,Finland,5.12
2012,France,11.22
2012,Gabon,26.62
2012,Georgia,10.2
2012,Germany,9.2
2012,Ghana,26.86
2012,Greece,18.82
2012,Guatemala,19.88
2012,Guinea,27.28
2012,Guinea Bissau,27.8
2012,Guyana,27.42
2012,Haiti,27.2
2012,Honduras,24.47
2012,Hong Kong,21.83
2012,Hungary,11.31
2012,India,25.94
2012,Indonesia,27.36
2012,Iran,13.57
2012,Iraq,22.52
2012,Ireland,9.28
2012,Italy,10.75
2012,Jamaica,27.51
2012,Japan,15.18
2012,Kazakhstan,4.28
2012,Kenya,16.84
2012,Laos,25.53
2012,Latvia,5.96
2012,Lebanon,20.19
2012,Lesotho,14.62
2012,Liberia,26.32
2012,Libya,20.41
2012,Lithuania,6.31
2012,Macedonia,10.88
2012,Madagascar,19.78
2012,Malawi,20.42
2012,Malaysia,27.36
2012,Mali,27.39
2012,Mauritania,27.77
2012,Mauritius,24.37
2012,Mexico,21.06
2012,Moldova,10.52
2012,Mongolia,-3.37
2012,Montenegro,11.53
2012,Morocco,18.22
2012,Mozambique,21.92
2012,Namibia,20.11
2012,Nepal,15.2
2012,Netherlands,10.08
2012,New Zealand,12.89
2012,Nicaragua,26.91
2012,Niger,29.61
2012,Nigeria,27.0
2012,Norway,3.09
2012,Pakistan,24.87
2012,Papua New Guinea,25.14
2012,Peru,17.68
2012,Philippines,27.2
2012,Poland,8.48
2012,Portugal,16.24
2012,Qatar,28.54
2012,Romania,12.33
2012,Russia,3.95
2012,Rwanda,19.79
2012,Saudi Arabia,26.92
2012,Senegal,25.47
2012,Serbia,11.22
2012,Sierra Leone,27.28
2012,Singapore,27.3
2012,Slovakia,11.52
2012,Slovenia,11.12
2012,Somalia,28.19
2012,South Africa,17.52
2012,South Korea,11.23
2012,Spain,17.51
2012,Sri Lanka,26.88
2012,Sudan,28.19
2012,Suriname,27.4
2012,Sweden,7.21
2012,Switzerland,7.96
2012,Syria,19.72
2012,Taiwan,22.82
2012,Tajikistan,7.71
2012,Tanzania,26.51
2012,Thailand,28.48
2012,Tunisia,20.12
2012,Turkey,14.97
2012,Uganda,24.03
2012,Ukraine,8.56
2012,United Arab Emirates,28.46
2012,United Kingdom,9.55
2012,United States,16.07
2012,Uruguay,17.53
2012,Uzbekistan,10.87
2012,Venezuela,26.37
2012,Vietnam,25.17
2012,Zambia,20.8
2012,Zimbabwe,20.52
2013,Afghanistan,16.21
2013,Albania,17.41
2013,Algeria,17.65
2013,Angola,24.55
2013,Argentina,16.66
2013,Armenia,11.08
2013,Australia,17.74
2013,Austria,10.03
2013,Azerbaijan,14.12
2013,Bahamas,25.88
2013,Bahrain,27.86
2013,Bangladesh,26.59
2013,Belarus,7.83
2013,Belgium,10.36
2013,Bolivia,8.64
2013,Bosnia And Herzegovina,11.66
2013,Botswana,18.69
2013,Brazil,21.59
2013,Bulgaria,11.26
2013,Burkina Faso,29.41
2013,Burundi,21.53
2013,Cameroon,25.45
2013,Canada,8.82
2013,Central African Republic,25.69
2013,Chile,9.51
2013,China,16.31
2013,Colombia,25.22
2013,Congo,24.41
2013,Congo (Democratic Republic Of The),22.48
2013,Croatia,11.58
2013,Czech Republic,9.57
2013,Côte D'Ivoire,26.96
2013,Denmark,8.81
2013,Dominican Republic,26.7
2013,Ecuador,21.69
2013,Egypt,22.18
2013,El Salvador,26.36
2013,Equatorial Guinea,26.35
2013,Eritrea,25.87
2013,Estonia,7.28
2013,Finland,6.17
2013,France,11.01
2013,Gabon,26.73
2013,Georgia,11.08
2013,Germany,9.17
2013,Ghana,27.24
2013,Greece,19.36
2013,Guatemala,20.37
2013,Guinea,27.29
2013,Guinea Bissau,28.36
2013,Guyana,27.3
2013,Haiti,27.2
2013,Honduras,24.86
2013,Hong Kong,22.8
2013,Hungary,12.44
2013,India,26.75
2013,Indonesia,27.32
2013,Iran,15.94
2013,Iraq,23.46
2013,Ireland,9.28
2013,Italy,10.82
2013,Jamaica,27.41
2013,Japan,16.01
2013,Kazakhstan,7.1
2013,Kenya,16.91
2013,Laos,25.94
2013,Latvia,7.25
2013,Lebanon,20.08
2013,Lesotho,14.03
2013,Liberia,26.56
2013,Libya,20.36
2013,Lithuania,7.42
2013,Macedonia,12.6
2013,Madagascar,19.34
2013,Malawi,19.68
2013,Malaysia,27.8
2013,Mali,28.53
2013,Mauritania,28.24
2013,Mauritius,24.31
2013,Mexico,22.02
2013,Moldova,11.94
2013,Mongolia,-0.22
2013,Montenegro,12.87
2013,Morocco,18.7
2013,Mozambique,21.37
2013,Namibia,20.73
2013,Nepal,15.79
2013,Netherlands,9.54
2013,New Zealand,13.57
2013,Nicaragua,27.26
2013,Niger,30.42
2013,Nigeria,27.25
2013,Norway,3.5
2013,Pakistan,25.95
2013,Papua New Guinea,25.44
2013,Peru,17.0
2013,Philippines,27.49
2013,Poland,9.32
2013,Portugal,16.77
2013,Qatar,28.68
2013,Romania,13.94
2013,Russia,5.0
2013,Rwanda,19.93
2013,Saudi Arabia,27.68
2013,Senegal,24.7
2013,Serbia,12.72
2013,Sierra Leone,27.29
2013,Singapore,27.6
2013,Slovakia,12.27
2013,Slovenia,11.58
2013,Somalia,27.94
2013,South Africa,16.49
2013,South Korea,12.12
2013,Spain,17.0
2013,Sri Lanka,27.03
2013,Sudan,28.74
2013,Suriname,27.17
2013,Sweden,7.1
2013,Switzerland,7.94
2013,Syria,19.83
2013,Taiwan,23.24
2013,Tajikistan,10.1
2013,Tanzania,26.76
2013,Thailand,28.98
2013,Tunisia,20.0
2013,Turkey,16.02
2013,Uganda,24.13
2013,Ukraine,10.33
2013,United Arab Emirates,28.01
2013,United Kingdom,9.57
2013,United States,16.23
2013,Uruguay,15.92
2013,Uzbekistan,13.66
2013,Venezuela,26.6
2013,Vietnam,25.78
2013,Zambia,20.14
2013,Zimbabwe,19.76
